id,drift_command,prediction,selfheal,detected (y/n),time_to_detect,healed (y/n),final_sync,final_health,curl_matches_git (y/n),argo_status_matches_reality (y/n),evidence_path,notes
"S1","kubectl scale deployment/driftapp --replicas=3","Argo flags OutOfSync quickly (live diff on replica count). OFF: extra replica persists -- automated sync without selfHeal does not proactively revert live drift. ON: Argo auto-reverts replicas back to 1 within its reconcile loop. App stays Healthy and serves correct content throughout either way.","off","y","t0","n","OutOfSync","Healthy","y","n","results/raw/S1/off","sync progression: t0=OutOfSync t30s=OutOfSync t3min=OutOfSync t5min=OutOfSync."
"S2","kubectl set image deployment/driftapp driftapp=driftapp:drifted","Argo flags OutOfSync (image tag differs). The nonexistent tag should cause ImagePullBackOff on the new pod; the old pod likely survives (default maxUnavailable), so curl may keep working even while Health shows Degraded/Progressing. OFF: stuck until manual fix. ON: Argo reverts the image tag back to git automatically.","off","y","t0","n","OutOfSync","Progressing","y","n","results/raw/S2/off","sync progression: t0=OutOfSync t30s=OutOfSync t3min=OutOfSync t5min=OutOfSync."
"S3","kubectl patch configmap driftapp-config --type merge -p ""{\""data\"":{\""greeting\"":\""DRIFTED\""}}""","Argo flags OutOfSync (ConfigMap data differs from git). greeting_file (volume-mounted) should update in place within about a minute; greeting_env (baked in at pod start) should stay stale. OFF: stays drifted. ON: Argo reverts ConfigMap data back to git; greeting_file flips back after the next kubelet sync.","off","y","t0","n","OutOfSync","Healthy","n","y","results/raw/S3/off","sync progression: t0=OutOfSync t30s=OutOfSync t3min=OutOfSync t5min=OutOfSync."
"S4","kubectl patch configmap driftapp-config ...; kubectl delete pod -l app=driftapp","Centerpiece scenario. ConfigMap is edited then the pod is deleted, so the replacement pod restarts with the DRIFTED env var baked in. OFF: Argo shows OutOfSync and curl shows DRIFTED -- consistent and visible, not silent. ON: Argo should heal the ConfigMap back to git (Synced/Healthy) but the already-restarted pod's greeting_env was captured at startup and won't re-read it -- predicting curl keeps returning DRIFTED greeting_env even while Argo reports everything Synced and Healthy. This is the candidate silent divergence the whole lab is built to catch.","off","y","t0","n","OutOfSync","Healthy","n","y","results/raw/S4/off","sync progression: t0=OutOfSync t30s=OutOfSync t3min=OutOfSync t5min=OutOfSync."
"S5","kubectl delete svc driftapp","Argo should flag the Service as Missing/OutOfSync; curl against the ClusterIP DNS name should fail immediately since the Service object is gone. OFF: stays missing until manual sync. ON: Argo recreates it automatically and curl recovers.","off","y","t0","n","OutOfSync","Healthy","n","y","results/raw/S5/off","sync progression: t0=OutOfSync t30s=OutOfSync t3min=OutOfSync t5min=OutOfSync."
"S6","kubectl create configmap extra-not-in-git --from-literal=note=unmanaged","The extra ConfigMap is never tracked by this Application (no argocd.argoproj.io/instance label). Predicting Argo never notices it in either variant: stays Synced/Healthy throughout, since prune only removes tracked resources that left git, not arbitrary untracked extras.","off","n","n/a","n/a","Synced","Healthy","y","y","results/raw/S6/off","sync progression: t0=Synced t30s=Synced t3min=Synced t5min=Synced."
"S7","kubectl annotate deployment/driftapp drift-lab.test/injected=true","Uncertain call: does Argo's default diff flag a hand-added annotation git never declared? Predicting yes in both variants initially (OutOfSync). OFF: annotation persists, no selfHeal to strip it. ON: Argo reverts the stray annotation back to Synced. curl should be unaffected regardless, since the pod template never changed.","off","n","n/a","n/a","Synced","Healthy","y","y","results/raw/S7/off","sync progression: t0=Synced t30s=Synced t3min=Synced t5min=Synced."
"S8","kubectl create secret generic driftapp-secret --from-literal=value=DRIFTED-SECRET ... | kubectl apply -f -","The Secret was created directly by kubectl and is never referenced in deploy/, so Argo should have zero knowledge of it in either variant -- predicting Sync/Health stay Synced/Healthy throughout even as secret_sha256 changes live (secret volumes update in place, no restart needed). Expected to be the cleanest demonstration that 'Synced' says nothing about resources outside the tracked source.","off","n","n/a","n/a","Synced","Healthy","y","y","results/raw/S8/off","sync progression: t0=Synced t30s=Synced t3min=Synced t5min=Synced. secret_sha256 at t5min=a36cfe017d44cc36b3f3e5f6c19678e96d3dbf69aff7a3ff1973d730b1062343 (baseline=36eb4988c3c0eba31c361c7c7850a3f3469f253b5d02e283c85d1c2ab382153d); divergence not scored in curl_matches_git since the Secret is untracked by git."
"S9","kubectl exec <pod> -- sh -c ""echo DRIFTED-IN-CONTAINER > /tmp/runtime-drift.txt""","Writing into the container's writable layer via exec never touches the Kubernetes API. Predicting zero visibility for Argo in either variant (stays Synced/Healthy); the app's own HTTP endpoint doesn't expose this file either, so curl is unaffected too. Pure negative control.","off","n","n/a","n/a","Synced","Healthy","y","y","results/raw/S9/off","sync progression: t0=Synced t30s=Synced t3min=Synced t5min=Synced."
"S1","kubectl scale deployment/driftapp --replicas=3","Argo flags OutOfSync quickly (live diff on replica count). OFF: extra replica persists -- automated sync without selfHeal does not proactively revert live drift. ON: Argo auto-reverts replicas back to 1 within its reconcile loop. App stays Healthy and serves correct content throughout either way.","on","y","t0","y","Synced","Healthy","y","y","results/raw/S1/on","sync progression: t0=OutOfSync t30s=Synced t3min=Synced t5min=Synced."
"S2","kubectl set image deployment/driftapp driftapp=driftapp:drifted","Argo flags OutOfSync (image tag differs). The nonexistent tag should cause ImagePullBackOff on the new pod; the old pod likely survives (default maxUnavailable), so curl may keep working even while Health shows Degraded/Progressing. OFF: stuck until manual fix. ON: Argo reverts the image tag back to git automatically.","on","y","t0","y","Synced","Healthy","y","y","results/raw/S2/on","sync progression: t0=OutOfSync t30s=Synced t3min=Synced t5min=Synced."
"S3","kubectl patch configmap driftapp-config --type merge -p ""{\""data\"":{\""greeting\"":\""DRIFTED\""}}""","Argo flags OutOfSync (ConfigMap data differs from git). greeting_file (volume-mounted) should update in place within about a minute; greeting_env (baked in at pod start) should stay stale. OFF: stays drifted. ON: Argo reverts ConfigMap data back to git; greeting_file flips back after the next kubelet sync.","on","n","n/a","n/a","Synced","Healthy","y","y","results/raw/S3/on","sync progression: t0=Synced t30s=Synced t3min=Synced t5min=Synced."
"S4","kubectl patch configmap driftapp-config ...; kubectl delete pod -l app=driftapp","Centerpiece scenario. ConfigMap is edited then the pod is deleted, so the replacement pod restarts with the DRIFTED env var baked in. OFF: Argo shows OutOfSync and curl shows DRIFTED -- consistent and visible, not silent. ON: Argo should heal the ConfigMap back to git (Synced/Healthy) but the already-restarted pod's greeting_env was captured at startup and won't re-read it -- predicting curl keeps returning DRIFTED greeting_env even while Argo reports everything Synced and Healthy. This is the candidate silent divergence the whole lab is built to catch.","on","n","n/a","n/a","Synced","Healthy","y","y","results/raw/S4/on","sync progression: t0=Synced t30s=Synced t3min=Synced t5min=Synced."
"S5","kubectl delete svc driftapp","Argo should flag the Service as Missing/OutOfSync; curl against the ClusterIP DNS name should fail immediately since the Service object is gone. OFF: stays missing until manual sync. ON: Argo recreates it automatically and curl recovers.","on","y","t0","y","Synced","Healthy","y","y","results/raw/S5/on","sync progression: t0=OutOfSync t30s=Synced t3min=Synced t5min=Synced."
"S6","kubectl create configmap extra-not-in-git --from-literal=note=unmanaged","The extra ConfigMap is never tracked by this Application (no argocd.argoproj.io/instance label). Predicting Argo never notices it in either variant: stays Synced/Healthy throughout, since prune only removes tracked resources that left git, not arbitrary untracked extras.","on","n","n/a","n/a","Synced","Healthy","y","y","results/raw/S6/on","sync progression: t0=Synced t30s=Synced t3min=Synced t5min=Synced."
"S7","kubectl annotate deployment/driftapp drift-lab.test/injected=true","Uncertain call: does Argo's default diff flag a hand-added annotation git never declared? Predicting yes in both variants initially (OutOfSync). OFF: annotation persists, no selfHeal to strip it. ON: Argo reverts the stray annotation back to Synced. curl should be unaffected regardless, since the pod template never changed.","on","n","n/a","n/a","Synced","Healthy","y","y","results/raw/S7/on","sync progression: t0=Synced t30s=Synced t3min=Synced t5min=Synced."
"S8","kubectl create secret generic driftapp-secret --from-literal=value=DRIFTED-SECRET ... | kubectl apply -f -","The Secret was created directly by kubectl and is never referenced in deploy/, so Argo should have zero knowledge of it in either variant -- predicting Sync/Health stay Synced/Healthy throughout even as secret_sha256 changes live (secret volumes update in place, no restart needed). Expected to be the cleanest demonstration that 'Synced' says nothing about resources outside the tracked source.","on","n","n/a","n/a","Synced","Healthy","y","y","results/raw/S8/on","sync progression: t0=Synced t30s=Synced t3min=Synced t5min=Synced. secret_sha256 at t5min=a36cfe017d44cc36b3f3e5f6c19678e96d3dbf69aff7a3ff1973d730b1062343 (baseline=36eb4988c3c0eba31c361c7c7850a3f3469f253b5d02e283c85d1c2ab382153d); divergence not scored in curl_matches_git since the Secret is untracked by git."
"S9","kubectl exec <pod> -- sh -c ""echo DRIFTED-IN-CONTAINER > /tmp/runtime-drift.txt""","Writing into the container's writable layer via exec never touches the Kubernetes API. Predicting zero visibility for Argo in either variant (stays Synced/Healthy); the app's own HTTP endpoint doesn't expose this file either, so curl is unaffected too. Pure negative control.","on","n","n/a","n/a","Synced","Healthy","y","y","results/raw/S9/on","sync progression: t0=Synced t30s=Synced t3min=Synced t5min=Synced."
